CustomerID,Cluster,Segment
12346.0,2,Silver
12347.0,1,Platinum
12348.0,1,Platinum
12350.0,0,Bronze
12352.0,1,Platinum
12353.0,0,Bronze
12354.0,2,Silver
12355.0,2,Silver
12356.0,2,Silver
12358.0,2,Silver
12359.0,1,Platinum
12360.0,2,Silver
12361.0,0,Bronze
12362.0,1,Platinum
12363.0,2,Silver
12364.0,2,Silver
12365.0,0,Bronze
12370.0,1,Platinum
12372.0,2,Silver
12373.0,0,Bronze
12375.0,0,Bronze
12377.0,2,Silver
12378.0,2,Silver
12379.0,2,Silver
12380.0,2,Silver
12381.0,2,Silver
12383.0,1,Platinum
12384.0,2,Silver
12386.0,0,Bronze
12388.0,1,Platinum
12393.0,1,Platinum
12394.0,2,Silver
12395.0,1,Platinum
12397.0,2,Silver
12399.0,1,Platinum
12401.0,0,Bronze
12402.0,0,Bronze
12405.0,2,Silver
12406.0,2,Silver
12407.0,1,Platinum
12408.0,1,Platinum
12409.0,2,Silver
12410.0,0,Bronze
12412.0,2,Silver
12413.0,2,Silver
12414.0,1,Platinum
12415.0,1,Platinum
12417.0,1,Platinum
12418.0,2,Silver
12421.0,1,Platinum
12422.0,1,Platinum
12423.0,1,Platinum
12424.0,2,Silver
12426.0,2,Silver
12427.0,0,Bronze
12428.0,1,Platinum
12429.0,1,Platinum
12431.0,1,Platinum
12432.0,1,Platinum
12433.0,1,Platinum
12434.0,0,Bronze
12435.0,2,Silver
12436.0,2,Silver
12437.0,1,Platinum
12438.0,2,Silver
12441.0,0,Bronze
12444.0,2,Silver
12447.0,2,Silver
12449.0,1,Platinum
12450.0,0,Bronze
12451.0,2,Silver
12453.0,2,Silver
12455.0,1,Platinum
12456.0,2,Silver
12457.0,1,Platinum
12458.0,2,Silver
12461.0,2,Silver
12462.0,2,Silver
12463.0,1,Platinum
12464.0,1,Platinum
12465.0,2,Silver
12468.0,2,Silver
12471.0,1,Platinum
12472.0,1,Platinum
12473.0,2,Silver
12474.0,1,Platinum
12476.0,1,Platinum
12477.0,1,Platinum
12480.0,1,Platinum
12481.0,1,Platinum
12483.0,1,Platinum
12484.0,1,Platinum
12489.0,0,Bronze
12490.0,1,Platinum
12492.0,0,Bronze
12493.0,2,Silver
12494.0,1,Platinum
12500.0,1,Platinum
12501.0,2,Silver
12502.0,1,Platinum
12506.0,0,Bronze
12507.0,1,Platinum
12509.0,0,Bronze
12510.0,2,Silver
12513.0,2,Silver
12514.0,2,Silver
12515.0,0,Bronze
12516.0,2,Silver
12517.0,2,Silver
12518.0,2,Silver
12520.0,1,Platinum
12521.0,2,Silver
12523.0,1,Platinum
12524.0,1,Platinum
12526.0,2,Silver
12527.0,0,Bronze
12528.0,1,Platinum
12530.0,1,Platinum
12534.0,2,Silver
12535.0,2,Silver
12539.0,1,Platinum
12540.0,1,Platinum
12541.0,2,Silver
12545.0,2,Silver
12547.0,0,Bronze
12548.0,0,Bronze
12551.0,0,Bronze
12553.0,1,Platinum
12556.0,2,Silver
12557.0,1,Platinum
12559.0,0,Bronze
12560.0,2,Silver
12561.0,0,Bronze
12562.0,1,Platinum
12564.0,2,Silver
12565.0,0,Bronze
12567.0,1,Platinum
12569.0,1,Platinum
12571.0,2,Silver
12573.0,0,Bronze
12574.0,0,Bronze
12576.0,1,Platinum
12577.0,0,Bronze
12578.0,2,Silver
12580.0,2,Silver
12582.0,2,Silver
12583.0,1,Platinum
12584.0,1,Platinum
12585.0,2,Silver
12589.0,0,Bronze
12590.0,2,Silver
12591.0,2,Silver
12592.0,2,Silver
12593.0,1,Platinum
12594.0,1,Platinum
12596.0,0,Bronze
12597.0,2,Silver
12598.0,1,Platinum
12599.0,1,Platinum
12600.0,1,Platinum
12601.0,0,Bronze
12604.0,0,Bronze
12609.0,2,Silver
12610.0,2,Silver
12613.0,1,Platinum
12614.0,0,Bronze
12615.0,2,Silver
12616.0,2,Silver
12619.0,1,Platinum
12620.0,2,Silver
12621.0,1,Platinum
12622.0,0,Bronze
12623.0,0,Bronze
12624.0,2,Silver
12625.0,2,Silver
12626.0,1,Platinum
12627.0,1,Platinum
12633.0,1,Platinum
12635.0,2,Silver
12637.0,1,Platinum
12639.0,2,Silver
12641.0,0,Bronze
12642.0,2,Silver
12643.0,1,Platinum
12644.0,2,Silver
12645.0,1,Platinum
12647.0,1,Platinum
12648.0,2,Silver
12649.0,1,Platinum
12651.0,0,Bronze
12652.0,2,Silver
12653.0,2,Silver
12654.0,0,Bronze
12656.0,1,Platinum
12662.0,1,Platinum
12664.0,1,Platinum
12665.0,0,Bronze
12668.0,1,Platinum
12669.0,1,Platinum
12670.0,1,Platinum
12672.0,0,Bronze
12673.0,0,Bronze
12674.0,1,Platinum
12676.0,1,Platinum
12678.0,1,Platinum
12679.0,2,Silver
12680.0,2,Silver
12681.0,1,Platinum
12682.0,1,Platinum
12683.0,1,Platinum
12684.0,1,Platinum
12685.0,2,Silver
12686.0,0,Bronze
12688.0,2,Silver
12689.0,2,Silver
12690.0,2,Silver
12691.0,1,Platinum
12693.0,1,Platinum
12694.0,2,Silver
12695.0,2,Silver
12697.0,2,Silver
12700.0,2,Silver
12701.0,2,Silver
12704.0,1,Platinum
12705.0,1,Platinum
12707.0,2,Silver
12708.0,1,Platinum
12709.0,1,Platinum
12710.0,1,Platinum
12712.0,1,Platinum
12714.0,1,Platinum
12715.0,2,Silver
12716.0,2,Silver
12717.0,2,Silver
12720.0,1,Platinum
12721.0,1,Platinum
12722.0,1,Platinum
12724.0,2,Silver
12725.0,0,Bronze
12726.0,1,Platinum
12727.0,1,Platinum
12728.0,0,Bronze
12729.0,2,Silver
12731.0,1,Platinum
12732.0,0,Bronze
12733.0,2,Silver
12734.0,0,Bronze
12735.0,2,Silver
12736.0,0,Bronze
12738.0,0,Bronze
12739.0,2,Silver
12743.0,2,Silver
12744.0,1,Platinum
12747.0,1,Platinum
12748.0,1,Platinum
12749.0,1,Platinum
12750.0,2,Silver
12753.0,1,Platinum
12754.0,1,Platinum
12755.0,2,Silver
12757.0,1,Platinum
12758.0,2,Silver
12759.0,2,Silver
12763.0,2,Silver
12764.0,2,Silver
12766.0,1,Platinum
12769.0,2,Silver
12770.0,2,Silver
12775.0,1,Platinum
12778.0,0,Bronze
12779.0,1,Platinum
12781.0,2,Silver
12782.0,1,Platinum
12785.0,0,Bronze
12787.0,2,Silver
12790.0,2,Silver
12791.0,0,Bronze
12792.0,2,Silver
12793.0,0,Bronze
12794.0,2,Silver
12797.0,0,Bronze
12798.0,2,Silver
12802.0,2,Silver
12808.0,2,Silver
12809.0,2,Silver
12811.0,0,Bronze
12814.0,0,Bronze
12815.0,2,Silver
12816.0,2,Silver
12817.0,0,Bronze
12818.0,2,Silver
12820.0,0,Bronze
12821.0,0,Bronze
12823.0,1,Platinum
12826.0,1,Platinum
12828.0,1,Platinum
12829.0,0,Bronze
12830.0,1,Platinum
12831.0,0,Bronze
12832.0,2,Silver
12833.0,2,Silver
12834.0,0,Bronze
12836.0,1,Platinum
12837.0,0,Bronze
12838.0,2,Silver
12839.0,1,Platinum
12840.0,1,Platinum
12841.0,1,Platinum
12842.0,0,Bronze
12843.0,1,Platinum
12844.0,2,Silver
12845.0,0,Bronze
12849.0,2,Silver
12851.0,2,Silver
12852.0,0,Bronze
12853.0,1,Platinum
12854.0,2,Silver
12855.0,0,Bronze
12857.0,2,Silver
12864.0,0,Bronze
12865.0,2,Silver
12866.0,2,Silver
12867.0,1,Platinum
12868.0,1,Platinum
12871.0,0,Bronze
12872.0,2,Silver
12873.0,0,Bronze
12875.0,2,Silver
12876.0,2,Silver
12877.0,1,Platinum
12878.0,2,Silver
12879.0,0,Bronze
12881.0,0,Bronze
12885.0,2,Silver
12886.0,2,Silver
12888.0,0,Bronze
12891.0,0,Bronze
12897.0,0,Bronze
12901.0,1,Platinum
12902.0,0,Bronze
12904.0,2,Silver
12908.0,2,Silver
12909.0,1,Platinum
12910.0,1,Platinum
12913.0,1,Platinum
12915.0,2,Silver
12916.0,1,Platinum
12917.0,2,Silver
12919.0,1,Platinum
12921.0,1,Platinum
12922.0,2,Silver
12924.0,1,Platinum
12928.0,1,Platinum
12929.0,0,Bronze
12930.0,0,Bronze
12931.0,1,Platinum
12933.0,2,Silver
12935.0,1,Platinum
12937.0,2,Silver
12939.0,1,Platinum
12942.0,1,Platinum
12944.0,0,Bronze
12945.0,2,Silver
12947.0,1,Platinum
12948.0,1,Platinum
12949.0,1,Platinum
12951.0,1,Platinum
12955.0,1,Platinum
12956.0,0,Bronze
12957.0,1,Platinum
12962.0,0,Bronze
12963.0,0,Bronze
12967.0,2,Silver
12968.0,0,Bronze
12970.0,0,Bronze
12971.0,1,Platinum
12974.0,0,Bronze
12976.0,2,Silver
12977.0,0,Bronze
12980.0,1,Platinum
12981.0,0,Bronze
12982.0,2,Silver
12987.0,0,Bronze
12988.0,2,Silver
12989.0,1,Platinum
12990.0,0,Bronze
12991.0,2,Silver
12993.0,1,Platinum
12994.0,2,Silver
12997.0,2,Silver
12999.0,1,Platinum
13000.0,1,Platinum
13001.0,1,Platinum
13002.0,0,Bronze
13003.0,0,Bronze
13004.0,1,Platinum
13005.0,2,Silver
13008.0,0,Bronze
13011.0,0,Bronze
13012.0,1,Platinum
13013.0,1,Platinum
13014.0,1,Platinum
13015.0,1,Platinum
13016.0,2,Silver
13018.0,1,Platinum
13021.0,1,Platinum
13023.0,2,Silver
13026.0,1,Platinum
13027.0,1,Platinum
13029.0,2,Silver
13030.0,2,Silver
13033.0,0,Bronze
13034.0,0,Bronze
13035.0,0,Bronze
13037.0,1,Platinum
13038.0,2,Silver
13043.0,2,Silver
13044.0,2,Silver
13045.0,2,Silver
13046.0,0,Bronze
13047.0,1,Platinum
13048.0,1,Platinum
13049.0,0,Bronze
13050.0,1,Platinum
13052.0,2,Silver
13055.0,2,Silver
13058.0,0,Bronze
13059.0,0,Bronze
13060.0,0,Bronze
13062.0,0,Bronze
13064.0,2,Silver
13065.0,0,Bronze
13068.0,0,Bronze
13069.0,1,Platinum
13070.0,0,Bronze
13072.0,0,Bronze
13075.0,2,Silver
13077.0,1,Platinum
13078.0,1,Platinum
13079.0,0,Bronze
13080.0,0,Bronze
13081.0,1,Platinum
13082.0,1,Platinum
13085.0,2,Silver
13089.0,1,Platinum
13090.0,1,Platinum
13092.0,0,Bronze
13093.0,1,Platinum
13094.0,1,Platinum
13097.0,1,Platinum
13098.0,1,Platinum
13099.0,0,Bronze
13101.0,0,Bronze
13102.0,1,Platinum
13104.0,1,Platinum
13106.0,0,Bronze
13107.0,2,Silver
13108.0,0,Bronze
13109.0,2,Silver
13110.0,1,Platinum
13113.0,1,Platinum
13115.0,2,Silver
13116.0,2,Silver
13117.0,1,Platinum
13118.0,1,Platinum
13120.0,0,Bronze
13121.0,2,Silver
13122.0,2,Silver
13124.0,2,Silver
13126.0,1,Platinum
13130.0,0,Bronze
13131.0,2,Silver
13132.0,0,Bronze
13133.0,0,Bronze
13134.0,1,Platinum
13135.0,2,Silver
13136.0,1,Platinum
13137.0,1,Platinum
13138.0,1,Platinum
13139.0,1,Platinum
13140.0,1,Platinum
13141.0,1,Platinum
13144.0,0,Bronze
13145.0,1,Platinum
13147.0,0,Bronze
13148.0,1,Platinum
13149.0,1,Platinum
13151.0,2,Silver
13155.0,2,Silver
13157.0,1,Platinum
13158.0,1,Platinum
13159.0,2,Silver
13161.0,0,Bronze
13162.0,1,Platinum
13165.0,0,Bronze
13166.0,2,Silver
13167.0,2,Silver
13168.0,1,Platinum
13169.0,0,Bronze
13171.0,0,Bronze
13173.0,0,Bronze
13174.0,2,Silver
13178.0,1,Platinum
13183.0,1,Platinum
13184.0,1,Platinum
13185.0,0,Bronze
13186.0,2,Silver
13187.0,0,Bronze
13189.0,0,Bronze
13192.0,2,Silver
13194.0,0,Bronze
13196.0,2,Silver
13198.0,1,Platinum
13199.0,1,Platinum
13200.0,2,Silver
13203.0,2,Silver
13207.0,0,Bronze
13208.0,1,Platinum
13209.0,1,Platinum
13210.0,2,Silver
13211.0,2,Silver
13213.0,1,Platinum
13216.0,0,Bronze
13217.0,1,Platinum
13218.0,0,Bronze
13220.0,1,Platinum
13221.0,2,Silver
13223.0,0,Bronze
13224.0,2,Silver
13225.0,1,Platinum
13226.0,0,Bronze
13227.0,0,Bronze
13229.0,0,Bronze
13230.0,1,Platinum
13232.0,1,Platinum
13233.0,0,Bronze
13235.0,2,Silver
13236.0,2,Silver
13238.0,2,Silver
13239.0,0,Bronze
13240.0,1,Platinum
13242.0,1,Platinum
13243.0,2,Silver
13244.0,0,Bronze
13246.0,1,Platinum
13248.0,2,Silver
13249.0,1,Platinum
13253.0,2,Silver
13255.0,0,Bronze
13258.0,0,Bronze
13261.0,0,Bronze
13262.0,0,Bronze
13263.0,1,Platinum
13265.0,1,Platinum
13266.0,1,Platinum
13267.0,1,Platinum
13268.0,1,Platinum
13269.0,1,Platinum
13270.0,0,Bronze
13273.0,0,Bronze
13276.0,0,Bronze
13277.0,0,Bronze
13280.0,1,Platinum
13282.0,2,Silver
13283.0,0,Bronze
13284.0,0,Bronze
13285.0,1,Platinum
13291.0,2,Silver
13292.0,0,Bronze
13294.0,2,Silver
13295.0,0,Bronze
13296.0,0,Bronze
13299.0,0,Bronze
13300.0,2,Silver
13301.0,1,Platinum
13302.0,0,Bronze
13304.0,0,Bronze
13305.0,1,Platinum
13307.0,0,Bronze
13308.0,2,Silver
13309.0,2,Silver
13310.0,2,Silver
13311.0,2,Silver
13313.0,2,Silver
13316.0,2,Silver
13317.0,1,Platinum
13319.0,1,Platinum
13320.0,1,Platinum
13324.0,1,Platinum
13327.0,1,Platinum
13328.0,2,Silver
13329.0,0,Bronze
13330.0,1,Platinum
13334.0,2,Silver
13338.0,2,Silver
13339.0,2,Silver
13340.0,1,Platinum
13341.0,2,Silver
13343.0,2,Silver
13344.0,2,Silver
13345.0,0,Bronze
13355.0,2,Silver
13357.0,2,Silver
13358.0,2,Silver
13362.0,2,Silver
13365.0,2,Silver
13368.0,2,Silver
13369.0,0,Bronze
13370.0,2,Silver
13373.0,2,Silver
13376.0,1,Platinum
13379.0,0,Bronze
13381.0,1,Platinum
13382.0,0,Bronze
13384.0,2,Silver
13385.0,2,Silver
13388.0,2,Silver
13389.0,0,Bronze
13391.0,0,Bronze
13394.0,1,Platinum
13395.0,2,Silver
13396.0,0,Bronze
13397.0,1,Platinum
13398.0,2,Silver
13402.0,2,Silver
13404.0,0,Bronze
13405.0,2,Silver
13408.0,1,Platinum
13410.0,1,Platinum
13411.0,2,Silver
13414.0,1,Platinum
13417.0,0,Bronze
13418.0,1,Platinum
13420.0,0,Bronze
13421.0,2,Silver
13425.0,1,Platinum
13426.0,1,Platinum
13427.0,2,Silver
13434.0,0,Bronze
13435.0,1,Platinum
13437.0,1,Platinum
13439.0,2,Silver
13441.0,2,Silver
13448.0,1,Platinum
13450.0,1,Platinum
13451.0,1,Platinum
13452.0,0,Bronze
13453.0,2,Silver
13455.0,2,Silver
13456.0,1,Platinum
13458.0,1,Platinum
13461.0,2,Silver
13462.0,0,Bronze
13466.0,2,Silver
13468.0,1,Platinum
13470.0,0,Bronze
13473.0,0,Bronze
13474.0,2,Silver
13475.0,1,Platinum
13476.0,2,Silver
13477.0,1,Platinum
13479.0,0,Bronze
13481.0,1,Platinum
13482.0,0,Bronze
13484.0,0,Bronze
13485.0,2,Silver
13486.0,2,Silver
13487.0,2,Silver
13488.0,1,Platinum
13489.0,1,Platinum
13491.0,1,Platinum
13492.0,1,Platinum
13493.0,0,Bronze
13494.0,0,Bronze
13495.0,1,Platinum
13496.0,0,Bronze
13497.0,0,Bronze
13499.0,0,Bronze
13500.0,2,Silver
13501.0,2,Silver
13502.0,0,Bronze
13505.0,1,Platinum
13506.0,0,Bronze
13507.0,1,Platinum
13508.0,0,Bronze
13509.0,1,Platinum
13510.0,2,Silver
13512.0,0,Bronze
13513.0,0,Bronze
13515.0,1,Platinum
13516.0,0,Bronze
13517.0,2,Silver
13520.0,1,Platinum
13523.0,1,Platinum
13524.0,1,Platinum
13525.0,0,Bronze
13527.0,1,Platinum
13529.0,0,Bronze
13531.0,2,Silver
13533.0,0,Bronze
13534.0,1,Platinum
13538.0,1,Platinum
13539.0,0,Bronze
13544.0,0,Bronze
13546.0,0,Bronze
13548.0,2,Silver
13549.0,1,Platinum
13551.0,0,Bronze
13552.0,1,Platinum
13555.0,2,Silver
13557.0,0,Bronze
13561.0,0,Bronze
13562.0,2,Silver
13563.0,2,Silver
13564.0,1,Platinum
13565.0,0,Bronze
13568.0,2,Silver
13569.0,0,Bronze
13570.0,0,Bronze
13571.0,1,Platinum
13572.0,2,Silver
13573.0,0,Bronze
13575.0,0,Bronze
13576.0,1,Platinum
13577.0,1,Platinum
13579.0,0,Bronze
13581.0,0,Bronze
13583.0,2,Silver
13584.0,0,Bronze
13588.0,1,Platinum
13589.0,0,Bronze
13590.0,1,Platinum
13591.0,2,Silver
13592.0,0,Bronze
13593.0,1,Platinum
13599.0,1,Platinum
13600.0,0,Bronze
13601.0,2,Silver
13606.0,0,Bronze
13610.0,1,Platinum
13611.0,2,Silver
13614.0,2,Silver
13615.0,0,Bronze
13617.0,2,Silver
13618.0,0,Bronze
13621.0,2,Silver
13623.0,0,Bronze
13626.0,0,Bronze
13627.0,1,Platinum
13629.0,1,Platinum
13630.0,1,Platinum
13631.0,1,Platinum
13632.0,1,Platinum
13634.0,1,Platinum
13636.0,1,Platinum
13637.0,2,Silver
13642.0,2,Silver
13643.0,2,Silver
13644.0,2,Silver
13645.0,0,Bronze
13647.0,2,Silver
13649.0,2,Silver
13650.0,2,Silver
13652.0,2,Silver
13654.0,1,Platinum
13655.0,2,Silver
13656.0,2,Silver
13657.0,0,Bronze
13658.0,2,Silver
13659.0,2,Silver
13662.0,2,Silver
13663.0,0,Bronze
13666.0,0,Bronze
13667.0,2,Silver
13668.0,1,Platinum
13669.0,0,Bronze
13672.0,0,Bronze
13675.0,2,Silver
13678.0,0,Bronze
13680.0,3,Gold
13681.0,0,Bronze
13682.0,0,Bronze
13684.0,0,Bronze
13686.0,0,Bronze
13692.0,2,Silver
13694.0,1,Platinum
13695.0,1,Platinum
13699.0,2,Silver
13700.0,1,Platinum
13703.0,0,Bronze
13705.0,2,Silver
13706.0,0,Bronze
13707.0,2,Silver
13708.0,2,Silver
13709.0,1,Platinum
13711.0,0,Bronze
13712.0,0,Bronze
13715.0,1,Platinum
13716.0,0,Bronze
13717.0,1,Platinum
13718.0,0,Bronze
13719.0,0,Bronze
13720.0,1,Platinum
13722.0,1,Platinum
13723.0,0,Bronze
13725.0,1,Platinum
13726.0,2,Silver
13728.0,1,Platinum
13730.0,2,Silver
13731.0,2,Silver
13735.0,2,Silver
13736.0,2,Silver
13737.0,2,Silver
13740.0,2,Silver
13741.0,0,Bronze
13742.0,1,Platinum
13743.0,1,Platinum
13744.0,2,Silver
13745.0,2,Silver
13747.0,0,Bronze
13748.0,1,Platinum
13750.0,1,Platinum
13751.0,0,Bronze
13752.0,1,Platinum
13753.0,2,Silver
13754.0,2,Silver
13756.0,1,Platinum
13758.0,1,Platinum
13760.0,0,Bronze
13761.0,2,Silver
13762.0,0,Bronze
13764.0,2,Silver
13767.0,1,Platinum
13769.0,1,Platinum
13771.0,2,Silver
13772.0,2,Silver
13777.0,1,Platinum
13778.0,0,Bronze
13780.0,0,Bronze
13781.0,0,Bronze
13782.0,1,Platinum
13784.0,1,Platinum
13786.0,0,Bronze
13787.0,0,Bronze
13791.0,2,Silver
13792.0,0,Bronze
13798.0,1,Platinum
13799.0,2,Silver
13800.0,2,Silver
13802.0,1,Platinum
13803.0,0,Bronze
13804.0,1,Platinum
13805.0,2,Silver
13807.0,0,Bronze
13808.0,2,Silver
13809.0,0,Bronze
13811.0,1,Platinum
13812.0,2,Silver
13813.0,2,Silver
13814.0,2,Silver
13815.0,2,Silver
13817.0,0,Bronze
13819.0,1,Platinum
13821.0,2,Silver
13823.0,2,Silver
13824.0,1,Platinum
13826.0,0,Bronze
13827.0,2,Silver
13831.0,1,Platinum
13833.0,2,Silver
13835.0,2,Silver
13837.0,0,Bronze
13838.0,1,Platinum
13841.0,0,Bronze
13842.0,1,Platinum
13846.0,2,Silver
13848.0,1,Platinum
13849.0,2,Silver
13850.0,2,Silver
13851.0,1,Platinum
13854.0,1,Platinum
13856.0,0,Bronze
13859.0,0,Bronze
13862.0,1,Platinum
13863.0,0,Bronze
13865.0,1,Platinum
13867.0,0,Bronze
13869.0,1,Platinum
13870.0,1,Platinum
13871.0,1,Platinum
13873.0,1,Platinum
13874.0,0,Bronze
13875.0,1,Platinum
13880.0,1,Platinum
13881.0,1,Platinum
13883.0,1,Platinum
13884.0,0,Bronze
13885.0,2,Silver
13887.0,2,Silver
13888.0,2,Silver
13889.0,2,Silver
13890.0,2,Silver
13892.0,0,Bronze
13893.0,2,Silver
13894.0,0,Bronze
13895.0,2,Silver
13898.0,0,Bronze
13899.0,0,Bronze
13900.0,1,Platinum
13901.0,1,Platinum
13904.0,0,Bronze
13908.0,1,Platinum
13911.0,1,Platinum
13917.0,0,Bronze
13918.0,0,Bronze
13919.0,0,Bronze
13922.0,0,Bronze
13925.0,1,Platinum
13928.0,0,Bronze
13929.0,2,Silver
13930.0,0,Bronze
13931.0,2,Silver
13932.0,0,Bronze
13933.0,2,Silver
13934.0,2,Silver
13936.0,2,Silver
13937.0,0,Bronze
13939.0,2,Silver
13940.0,2,Silver
13941.0,1,Platinum
13946.0,0,Bronze
13948.0,0,Bronze
13949.0,2,Silver
13950.0,0,Bronze
13951.0,1,Platinum
13952.0,2,Silver
13953.0,1,Platinum
13955.0,2,Silver
13956.0,1,Platinum
13959.0,0,Bronze
13962.0,0,Bronze
13963.0,0,Bronze
13967.0,0,Bronze
13969.0,1,Platinum
13971.0,1,Platinum
13972.0,0,Bronze
13973.0,0,Bronze
13975.0,1,Platinum
13976.0,0,Bronze
13982.0,1,Platinum
13983.0,1,Platinum
13984.0,1,Platinum
13985.0,1,Platinum
13988.0,1,Platinum
13989.0,2,Silver
13990.0,0,Bronze
13991.0,0,Bronze
13993.0,1,Platinum
13994.0,2,Silver
13995.0,1,Platinum
13999.0,1,Platinum
14000.0,2,Silver
14001.0,2,Silver
14002.0,2,Silver
14004.0,1,Platinum
14005.0,1,Platinum
14006.0,1,Platinum
14009.0,2,Silver
14012.0,0,Bronze
14013.0,1,Platinum
14016.0,1,Platinum
14019.0,2,Silver
14021.0,1,Platinum
14022.0,2,Silver
14023.0,0,Bronze
14024.0,0,Bronze
14029.0,0,Bronze
14030.0,1,Platinum
14031.0,1,Platinum
14032.0,1,Platinum
14034.0,0,Bronze
14035.0,1,Platinum
14036.0,2,Silver
14037.0,2,Silver
14038.0,2,Silver
14040.0,1,Platinum
14041.0,0,Bronze
14044.0,2,Silver
14045.0,1,Platinum
14046.0,0,Bronze
14047.0,1,Platinum
14048.0,2,Silver
14049.0,1,Platinum
14050.0,2,Silver
14051.0,1,Platinum
14053.0,0,Bronze
14055.0,2,Silver
14056.0,1,Platinum
14057.0,1,Platinum
14059.0,0,Bronze
14060.0,1,Platinum
14062.0,1,Platinum
14064.0,1,Platinum
14066.0,0,Bronze
14067.0,2,Silver
14068.0,0,Bronze
14071.0,0,Bronze
14075.0,0,Bronze
14076.0,0,Bronze
14077.0,0,Bronze
14078.0,1,Platinum
14079.0,2,Silver
14081.0,2,Silver
14082.0,0,Bronze
14083.0,1,Platinum
14085.0,1,Platinum
14088.0,1,Platinum
14090.0,0,Bronze
14092.0,1,Platinum
14096.0,0,Bronze
14099.0,1,Platinum
14100.0,2,Silver
14101.0,1,Platinum
14104.0,0,Bronze
14105.0,2,Silver
14107.0,1,Platinum
14108.0,2,Silver
14110.0,1,Platinum
14111.0,1,Platinum
14112.0,1,Platinum
14113.0,0,Bronze
14114.0,0,Bronze
14116.0,2,Silver
14117.0,0,Bronze
14127.0,1,Platinum
14128.0,0,Bronze
14129.0,1,Platinum
14130.0,2,Silver
14132.0,1,Platinum
14133.0,1,Platinum
14135.0,1,Platinum
14141.0,2,Silver
14142.0,0,Bronze
14143.0,0,Bronze
14145.0,1,Platinum
14146.0,2,Silver
14147.0,0,Bronze
14148.0,0,Bronze
14149.0,2,Silver
14150.0,0,Bronze
14152.0,2,Silver
14154.0,2,Silver
14155.0,0,Bronze
14156.0,1,Platinum
14157.0,0,Bronze
14159.0,1,Platinum
14161.0,1,Platinum
14162.0,2,Silver
14163.0,1,Platinum
14165.0,0,Bronze
14167.0,1,Platinum
14171.0,2,Silver
14173.0,0,Bronze
14175.0,2,Silver
14176.0,0,Bronze
14177.0,1,Platinum
14178.0,1,Platinum
14180.0,1,Platinum
14185.0,0,Bronze
14188.0,1,Platinum
14189.0,1,Platinum
14191.0,1,Platinum
14193.0,2,Silver
14194.0,1,Platinum
14195.0,2,Silver
14196.0,2,Silver
14198.0,2,Silver
14199.0,0,Bronze
14201.0,1,Platinum
14205.0,0,Bronze
14206.0,0,Bronze
14208.0,0,Bronze
14209.0,1,Platinum
14210.0,1,Platinum
14211.0,1,Platinum
14214.0,1,Platinum
14215.0,1,Platinum
14217.0,1,Platinum
14220.0,2,Silver
14221.0,1,Platinum
14222.0,2,Silver
14223.0,1,Platinum
14224.0,1,Platinum
14226.0,2,Silver
14227.0,1,Platinum
14229.0,2,Silver
14231.0,2,Silver
14232.0,1,Platinum
14233.0,1,Platinum
14235.0,1,Platinum
14236.0,0,Bronze
14237.0,0,Bronze
14238.0,0,Bronze
14239.0,1,Platinum
14240.0,0,Bronze
14241.0,0,Bronze
14242.0,0,Bronze
14243.0,1,Platinum
14245.0,2,Silver
14246.0,1,Platinum
14247.0,0,Bronze
14248.0,0,Bronze
14256.0,2,Silver
14257.0,1,Platinum
14258.0,1,Platinum
14259.0,0,Bronze
14262.0,1,Platinum
14264.0,2,Silver
14265.0,2,Silver
14267.0,1,Platinum
14270.0,2,Silver
14271.0,0,Bronze
14272.0,0,Bronze
14273.0,1,Platinum
14276.0,1,Platinum
14277.0,2,Silver
14280.0,0,Bronze
14282.0,1,Platinum
14285.0,0,Bronze
14286.0,2,Silver
14287.0,0,Bronze
14288.0,2,Silver
14289.0,1,Platinum
14290.0,2,Silver
14291.0,1,Platinum
14292.0,1,Platinum
14293.0,1,Platinum
14297.0,0,Bronze
14298.0,1,Platinum
14299.0,1,Platinum
14301.0,2,Silver
14304.0,2,Silver
14305.0,2,Silver
14307.0,1,Platinum
14309.0,1,Platinum
14311.0,0,Bronze
14312.0,1,Platinum
14314.0,0,Bronze
14315.0,1,Platinum
14320.0,2,Silver
14321.0,1,Platinum
14323.0,2,Silver
14326.0,0,Bronze
14327.0,2,Silver
14329.0,1,Platinum
14331.0,2,Silver
14332.0,0,Bronze
14334.0,1,Platinum
14335.0,2,Silver
14336.0,1,Platinum
14338.0,2,Silver
14339.0,0,Bronze
14340.0,0,Bronze
14341.0,1,Platinum
14342.0,2,Silver
14344.0,1,Platinum
14346.0,2,Silver
14348.0,2,Silver
14350.0,0,Bronze
14351.0,0,Bronze
14352.0,1,Platinum
14353.0,0,Bronze
14355.0,0,Bronze
14360.0,2,Silver
14364.0,1,Platinum
14367.0,1,Platinum
14368.0,0,Bronze
14371.0,0,Bronze
14373.0,0,Bronze
14375.0,2,Silver
14377.0,2,Silver
14379.0,0,Bronze
14383.0,0,Bronze
14386.0,0,Bronze
14387.0,2,Silver
14388.0,1,Platinum
14389.0,2,Silver
14390.0,1,Platinum
14393.0,0,Bronze
14395.0,1,Platinum
14396.0,0,Bronze
14397.0,1,Platinum
14400.0,2,Silver
14401.0,1,Platinum
14403.0,1,Platinum
14404.0,1,Platinum
14406.0,0,Bronze
14407.0,1,Platinum
14408.0,1,Platinum
14409.0,1,Platinum
14410.0,1,Platinum
14411.0,2,Silver
14413.0,0,Bronze
14414.0,1,Platinum
14415.0,1,Platinum
14418.0,0,Bronze
14419.0,2,Silver
14420.0,2,Silver
14421.0,2,Silver
14422.0,2,Silver
14423.0,0,Bronze
14426.0,1,Platinum
14428.0,2,Silver
14431.0,0,Bronze
14436.0,0,Bronze
14437.0,0,Bronze
14438.0,0,Bronze
14439.0,2,Silver
14440.0,2,Silver
14441.0,2,Silver
14442.0,2,Silver
14443.0,1,Platinum
14446.0,2,Silver
14447.0,2,Silver
14448.0,0,Bronze
14449.0,2,Silver
14450.0,1,Platinum
14451.0,2,Silver
14452.0,0,Bronze
14453.0,0,Bronze
14456.0,1,Platinum
14457.0,0,Bronze
14459.0,2,Silver
14460.0,1,Platinum
14461.0,1,Platinum
14462.0,1,Platinum
14463.0,1,Platinum
14465.0,1,Platinum
14466.0,1,Platinum
14467.0,0,Bronze
14470.0,0,Bronze
14472.0,1,Platinum
14473.0,0,Bronze
14475.0,2,Silver
14476.0,0,Bronze
14477.0,2,Silver
14479.0,0,Bronze
14481.0,2,Silver
14482.0,2,Silver
14483.0,0,Bronze
14487.0,0,Bronze
14489.0,2,Silver
14491.0,2,Silver
14493.0,2,Silver
14495.0,0,Bronze
14496.0,0,Bronze
14497.0,2,Silver
14498.0,1,Platinum
14499.0,2,Silver
14500.0,0,Bronze
14501.0,0,Bronze
14502.0,1,Platinum
14503.0,2,Silver
14504.0,0,Bronze
14505.0,1,Platinum
14506.0,2,Silver
14507.0,1,Platinum
14511.0,2,Silver
14512.0,0,Bronze
14513.0,1,Platinum
14514.0,2,Silver
14515.0,2,Silver
14517.0,0,Bronze
14520.0,0,Bronze
14522.0,2,Silver
14523.0,2,Silver
14524.0,1,Platinum
14525.0,1,Platinum
14527.0,1,Platinum
14529.0,2,Silver
14530.0,1,Platinum
14532.0,1,Platinum
14533.0,2,Silver
14534.0,1,Platinum
14535.0,2,Silver
14536.0,0,Bronze
14538.0,0,Bronze
14540.0,0,Bronze
14541.0,1,Platinum
14542.0,0,Bronze
14543.0,1,Platinum
14544.0,2,Silver
14546.0,2,Silver
14548.0,2,Silver
14549.0,2,Silver
14551.0,0,Bronze
14552.0,2,Silver
14553.0,2,Silver
14555.0,0,Bronze
14560.0,1,Platinum
14561.0,2,Silver
14562.0,1,Platinum
14565.0,1,Platinum
14566.0,2,Silver
14567.0,2,Silver
14570.0,0,Bronze
14572.0,1,Platinum
14573.0,1,Platinum
14576.0,0,Bronze
14577.0,1,Platinum
14583.0,1,Platinum
14584.0,1,Platinum
14586.0,0,Bronze
14587.0,1,Platinum
14589.0,0,Bronze
14591.0,2,Silver
14593.0,0,Bronze
14594.0,0,Bronze
14595.0,0,Bronze
14597.0,0,Bronze
14600.0,0,Bronze
14603.0,0,Bronze
14606.0,1,Platinum
14607.0,0,Bronze
14608.0,0,Bronze
14609.0,1,Platinum
14616.0,0,Bronze
14618.0,0,Bronze
14619.0,2,Silver
14620.0,2,Silver
14621.0,1,Platinum
14622.0,2,Silver
14623.0,2,Silver
14625.0,2,Silver
14626.0,2,Silver
14628.0,2,Silver
14631.0,2,Silver
14632.0,0,Bronze
14633.0,0,Bronze
14636.0,0,Bronze
14639.0,1,Platinum
14640.0,1,Platinum
14643.0,2,Silver
14644.0,0,Bronze
14645.0,2,Silver
14646.0,1,Platinum
14647.0,0,Bronze
14649.0,2,Silver
14651.0,2,Silver
14653.0,0,Bronze
14655.0,2,Silver
14656.0,2,Silver
14657.0,1,Platinum
14658.0,0,Bronze
14659.0,1,Platinum
14660.0,0,Bronze
14662.0,1,Platinum
14665.0,0,Bronze
14667.0,1,Platinum
14669.0,2,Silver
14670.0,2,Silver
14672.0,2,Silver
14673.0,0,Bronze
14676.0,1,Platinum
14680.0,1,Platinum
14681.0,0,Bronze
14682.0,0,Bronze
14684.0,2,Silver
14687.0,2,Silver
14688.0,1,Platinum
14689.0,0,Bronze
14690.0,2,Silver
14691.0,2,Silver
14692.0,1,Platinum
14693.0,0,Bronze
14696.0,1,Platinum
14697.0,0,Bronze
14699.0,0,Bronze
14700.0,2,Silver
14701.0,1,Platinum
14702.0,1,Platinum
14704.0,2,Silver
14705.0,0,Bronze
14708.0,2,Silver
14709.0,1,Platinum
14711.0,1,Platinum
14712.0,0,Bronze
14713.0,1,Platinum
14715.0,1,Platinum
14716.0,0,Bronze
14719.0,2,Silver
14720.0,0,Bronze
14722.0,2,Silver
14723.0,0,Bronze
14727.0,0,Bronze
14729.0,0,Bronze
14730.0,1,Platinum
14731.0,0,Bronze
14732.0,1,Platinum
14733.0,1,Platinum
14735.0,1,Platinum
14737.0,2,Silver
14738.0,1,Platinum
14739.0,1,Platinum
14740.0,1,Platinum
14741.0,1,Platinum
14744.0,0,Bronze
14745.0,1,Platinum
14747.0,0,Bronze
14748.0,1,Platinum
14754.0,0,Bronze
14755.0,1,Platinum
14758.0,1,Platinum
14759.0,2,Silver
14760.0,0,Bronze
14761.0,0,Bronze
14762.0,0,Bronze
14765.0,0,Bronze
14766.0,1,Platinum
14768.0,0,Bronze
14769.0,1,Platinum
14770.0,2,Silver
14772.0,0,Bronze
14775.0,2,Silver
14776.0,1,Platinum
14778.0,2,Silver
14779.0,0,Bronze
14782.0,0,Bronze
14784.0,0,Bronze
14790.0,2,Silver
14794.0,1,Platinum
14795.0,0,Bronze
14796.0,1,Platinum
14798.0,0,Bronze
14800.0,1,Platinum
14803.0,1,Platinum
14805.0,0,Bronze
14808.0,1,Platinum
14810.0,1,Platinum
14813.0,0,Bronze
14816.0,0,Bronze
14817.0,2,Silver
14818.0,2,Silver
14819.0,0,Bronze
14820.0,0,Bronze
14821.0,0,Bronze
14823.0,0,Bronze
14824.0,2,Silver
14825.0,1,Platinum
14828.0,1,Platinum
14829.0,1,Platinum
14834.0,2,Silver
14837.0,1,Platinum
14840.0,0,Bronze
14841.0,1,Platinum
14842.0,1,Platinum
14844.0,1,Platinum
14847.0,2,Silver
14849.0,1,Platinum
14850.0,0,Bronze
14851.0,0,Bronze
14852.0,1,Platinum
14853.0,0,Bronze
14854.0,1,Platinum
14855.0,2,Silver
14857.0,2,Silver
14859.0,0,Bronze
14862.0,2,Silver
14865.0,0,Bronze
14866.0,1,Platinum
14867.0,1,Platinum
14868.0,1,Platinum
14869.0,2,Silver
14870.0,0,Bronze
14871.0,2,Silver
14873.0,2,Silver
14875.0,2,Silver
14878.0,1,Platinum
14880.0,2,Silver
14883.0,2,Silver
14885.0,2,Silver
14886.0,0,Bronze
14888.0,2,Silver
14889.0,0,Bronze
14890.0,0,Bronze
14891.0,2,Silver
14895.0,1,Platinum
14896.0,2,Silver
14897.0,0,Bronze
14898.0,1,Platinum
14901.0,1,Platinum
14903.0,1,Platinum
14905.0,2,Silver
14907.0,1,Platinum
14911.0,1,Platinum
14912.0,2,Silver
14913.0,2,Silver
14915.0,2,Silver
14916.0,1,Platinum
14918.0,2,Silver
14920.0,2,Silver
14921.0,2,Silver
14924.0,0,Bronze
14930.0,1,Platinum
14931.0,0,Bronze
14932.0,0,Bronze
14934.0,2,Silver
14935.0,2,Silver
14936.0,1,Platinum
14937.0,2,Silver
14944.0,1,Platinum
14947.0,0,Bronze
14948.0,1,Platinum
14952.0,1,Platinum
14957.0,0,Bronze
14958.0,1,Platinum
14959.0,1,Platinum
14960.0,0,Bronze
14961.0,1,Platinum
14962.0,0,Bronze
14963.0,2,Silver
14964.0,0,Bronze
14965.0,2,Silver
14970.0,1,Platinum
14972.0,0,Bronze
14973.0,1,Platinum
14976.0,1,Platinum
14978.0,1,Platinum
14981.0,0,Bronze
14984.0,0,Bronze
14985.0,2,Silver
14987.0,0,Bronze
14988.0,2,Silver
14995.0,0,Bronze
14997.0,0,Bronze
14998.0,2,Silver
15002.0,1,Platinum
15004.0,2,Silver
15005.0,1,Platinum
15007.0,0,Bronze
15012.0,0,Bronze
15014.0,0,Bronze
15016.0,0,Bronze
15018.0,0,Bronze
15019.0,2,Silver
15021.0,1,Platinum
15023.0,1,Platinum
15024.0,1,Platinum
15026.0,0,Bronze
15027.0,1,Platinum
15028.0,0,Bronze
15030.0,0,Bronze
15031.0,2,Silver
15032.0,1,Platinum
15033.0,1,Platinum
15034.0,1,Platinum
15036.0,0,Bronze
15038.0,2,Silver
15039.0,1,Platinum
15041.0,2,Silver
15042.0,0,Bronze
15044.0,1,Platinum
15045.0,2,Silver
15046.0,1,Platinum
15047.0,0,Bronze
15048.0,1,Platinum
15049.0,0,Bronze
15051.0,2,Silver
15052.0,0,Bronze
15053.0,2,Silver
15057.0,2,Silver
15058.0,1,Platinum
15059.0,1,Platinum
15061.0,1,Platinum
15062.0,1,Platinum
15063.0,0,Bronze
15065.0,1,Platinum
15067.0,2,Silver
15068.0,0,Bronze
15069.0,2,Silver
15070.0,0,Bronze
15071.0,2,Silver
15073.0,0,Bronze
15074.0,2,Silver
15076.0,2,Silver
15078.0,1,Platinum
15079.0,1,Platinum
15081.0,2,Silver
15083.0,0,Bronze
15087.0,0,Bronze
15089.0,1,Platinum
15090.0,0,Bronze
15092.0,2,Silver
15093.0,1,Platinum
15095.0,1,Platinum
15098.0,1,Platinum
15100.0,0,Bronze
15101.0,0,Bronze
15104.0,2,Silver
15105.0,2,Silver
15106.0,1,Platinum
15107.0,0,Bronze
15108.0,1,Platinum
15109.0,2,Silver
15110.0,2,Silver
15111.0,0,Bronze
15114.0,1,Platinum
15116.0,2,Silver
15117.0,2,Silver
15118.0,0,Bronze
15119.0,0,Bronze
15120.0,2,Silver
15121.0,0,Bronze
15122.0,1,Platinum
15123.0,2,Silver
15124.0,0,Bronze
15125.0,1,Platinum
15128.0,1,Platinum
15129.0,1,Platinum
15130.0,2,Silver
15132.0,1,Platinum
15133.0,1,Platinum
15134.0,1,Platinum
15135.0,0,Bronze
15136.0,2,Silver
15139.0,0,Bronze
15140.0,1,Platinum
15143.0,0,Bronze
15144.0,1,Platinum
15145.0,2,Silver
15146.0,2,Silver
15147.0,2,Silver
15149.0,2,Silver
15150.0,1,Platinum
15152.0,1,Platinum
15157.0,2,Silver
15159.0,1,Platinum
15160.0,0,Bronze
15163.0,0,Bronze
15164.0,2,Silver
15165.0,0,Bronze
15167.0,0,Bronze
15171.0,2,Silver
15172.0,1,Platinum
15174.0,0,Bronze
15178.0,0,Bronze
15179.0,1,Platinum
15180.0,0,Bronze
15181.0,2,Silver
15182.0,2,Silver
15184.0,0,Bronze
15186.0,0,Bronze
15187.0,1,Platinum
15189.0,1,Platinum
15192.0,1,Platinum
15194.0,1,Platinum
15197.0,2,Silver
15198.0,0,Bronze
15199.0,1,Platinum
15201.0,1,Platinum
15203.0,1,Platinum
15204.0,0,Bronze
15205.0,2,Silver
15206.0,1,Platinum
15208.0,2,Silver
15210.0,2,Silver
15211.0,0,Bronze
15212.0,0,Bronze
15213.0,0,Bronze
15214.0,2,Silver
15215.0,2,Silver
15218.0,1,Platinum
15219.0,0,Bronze
15220.0,1,Platinum
15221.0,0,Bronze
15222.0,0,Bronze
15223.0,2,Silver
15224.0,0,Bronze
15225.0,2,Silver
15226.0,0,Bronze
15227.0,1,Platinum
15228.0,1,Platinum
15230.0,3,Gold
15232.0,2,Silver
15234.0,0,Bronze
15235.0,1,Platinum
15236.0,0,Bronze
15237.0,2,Silver
15238.0,2,Silver
15240.0,1,Platinum
15241.0,1,Platinum
15244.0,0,Bronze
15245.0,1,Platinum
15246.0,2,Silver
15247.0,2,Silver
15249.0,1,Platinum
15251.0,1,Platinum
15252.0,0,Bronze
15253.0,0,Bronze
15254.0,2,Silver
15256.0,0,Bronze
15257.0,0,Bronze
15258.0,2,Silver
15260.0,1,Platinum
15261.0,2,Silver
15262.0,0,Bronze
15263.0,0,Bronze
15265.0,2,Silver
15266.0,0,Bronze
15267.0,2,Silver
15270.0,1,Platinum
15271.0,1,Platinum
15279.0,0,Bronze
15280.0,0,Bronze
15281.0,1,Platinum
15288.0,1,Platinum
15289.0,2,Silver
15290.0,1,Platinum
15291.0,1,Platinum
15292.0,0,Bronze
15296.0,1,Platinum
15298.0,1,Platinum
15299.0,1,Platinum
15301.0,1,Platinum
15303.0,2,Silver
15304.0,0,Bronze
15306.0,2,Silver
15307.0,0,Bronze
15308.0,0,Bronze
15311.0,1,Platinum
15312.0,1,Platinum
15313.0,0,Bronze
15314.0,2,Silver
15315.0,2,Silver
15316.0,0,Bronze
15319.0,0,Bronze
15321.0,2,Silver
15325.0,2,Silver
15326.0,0,Bronze
15329.0,2,Silver
15332.0,0,Bronze
15333.0,2,Silver
15334.0,0,Bronze
15339.0,0,Bronze
15342.0,2,Silver
15346.0,0,Bronze
15347.0,0,Bronze
15349.0,2,Silver
15350.0,0,Bronze
15351.0,0,Bronze
15353.0,2,Silver
15356.0,1,Platinum
15358.0,1,Platinum
15361.0,0,Bronze
15363.0,0,Bronze
15364.0,2,Silver
15365.0,2,Silver
15366.0,0,Bronze
15367.0,2,Silver
15370.0,1,Platinum
15372.0,2,Silver
15373.0,1,Platinum
15374.0,0,Bronze
15376.0,2,Silver
15379.0,1,Platinum
15380.0,2,Silver
15381.0,0,Bronze
15382.0,1,Platinum
15384.0,2,Silver
15386.0,2,Silver
15388.0,0,Bronze
15389.0,0,Bronze
15392.0,0,Bronze
15393.0,0,Bronze
15394.0,2,Silver
15395.0,0,Bronze
15396.0,2,Silver
15397.0,0,Bronze
15400.0,1,Platinum
15402.0,2,Silver
15405.0,0,Bronze
15406.0,0,Bronze
15407.0,1,Platinum
15408.0,0,Bronze
15410.0,1,Platinum
15411.0,2,Silver
15412.0,0,Bronze
15414.0,0,Bronze
15415.0,2,Silver
15416.0,1,Platinum
15421.0,1,Platinum
15422.0,0,Bronze
15424.0,0,Bronze
15426.0,2,Silver
15433.0,2,Silver
15434.0,1,Platinum
15436.0,2,Silver
15437.0,0,Bronze
15438.0,0,Bronze
15440.0,2,Silver
15442.0,0,Bronze
15443.0,2,Silver
15445.0,0,Bronze
15447.0,0,Bronze
15448.0,2,Silver
15449.0,2,Silver
15452.0,0,Bronze
15453.0,1,Platinum
15454.0,0,Bronze
15456.0,0,Bronze
15457.0,2,Silver
15460.0,0,Bronze
15462.0,0,Bronze
15464.0,2,Silver
15465.0,1,Platinum
15467.0,2,Silver
15469.0,2,Silver
15472.0,2,Silver
15480.0,2,Silver
15482.0,1,Platinum
15483.0,0,Bronze
15485.0,2,Silver
15488.0,0,Bronze
15489.0,2,Silver
15491.0,1,Platinum
15493.0,1,Platinum
15494.0,2,Silver
15497.0,2,Silver
15498.0,1,Platinum
15502.0,1,Platinum
15503.0,0,Bronze
15505.0,1,Platinum
15506.0,2,Silver
15507.0,2,Silver
15508.0,1,Platinum
15510.0,0,Bronze
15512.0,0,Bronze
15513.0,1,Platinum
15514.0,1,Platinum
15517.0,0,Bronze
15518.0,1,Platinum
15521.0,1,Platinum
15525.0,0,Bronze
15527.0,1,Platinum
15528.0,0,Bronze
15529.0,1,Platinum
15530.0,1,Platinum
15532.0,1,Platinum
15535.0,1,Platinum
15537.0,0,Bronze
15541.0,0,Bronze
15543.0,0,Bronze
15544.0,1,Platinum
15545.0,0,Bronze
15547.0,1,Platinum
15549.0,2,Silver
15550.0,2,Silver
15552.0,0,Bronze
15554.0,0,Bronze
15555.0,1,Platinum
15561.0,1,Platinum
15562.0,0,Bronze
15563.0,2,Silver
15569.0,1,Platinum
15570.0,1,Platinum
15572.0,1,Platinum
15574.0,1,Platinum
15577.0,1,Platinum
15578.0,0,Bronze
15579.0,0,Bronze
15581.0,1,Platinum
15582.0,2,Silver
15584.0,0,Bronze
15585.0,2,Silver
15587.0,2,Silver
15589.0,0,Bronze
15594.0,2,Silver
15596.0,1,Platinum
15599.0,2,Silver
15601.0,1,Platinum
15602.0,0,Bronze
15605.0,1,Platinum
15606.0,1,Platinum
15607.0,0,Bronze
15608.0,2,Silver
15609.0,2,Silver
15611.0,1,Platinum
15615.0,1,Platinum
15618.0,1,Platinum
15620.0,2,Silver
15622.0,1,Platinum
15623.0,2,Silver
15624.0,1,Platinum
15625.0,1,Platinum
15626.0,0,Bronze
15628.0,1,Platinum
15630.0,2,Silver
15632.0,1,Platinum
15636.0,0,Bronze
15639.0,2,Silver
15640.0,1,Platinum
15641.0,1,Platinum
15643.0,1,Platinum
15644.0,1,Platinum
15646.0,1,Platinum
15648.0,2,Silver
15649.0,0,Bronze
15651.0,0,Bronze
15652.0,2,Silver
15653.0,2,Silver
15655.0,2,Silver
15656.0,1,Platinum
15658.0,1,Platinum
15660.0,1,Platinum
15661.0,0,Bronze
15663.0,0,Bronze
15665.0,2,Silver
15668.0,0,Bronze
15669.0,1,Platinum
15670.0,0,Bronze
15671.0,1,Platinum
15673.0,1,Platinum
15674.0,1,Platinum
15675.0,2,Silver
15676.0,2,Silver
15679.0,0,Bronze
15680.0,0,Bronze
15681.0,1,Platinum
15683.0,0,Bronze
15687.0,1,Platinum
15689.0,2,Silver
15690.0,0,Bronze
15691.0,0,Bronze
15694.0,1,Platinum
15695.0,0,Bronze
15696.0,1,Platinum
15700.0,2,Silver
15701.0,2,Silver
15703.0,0,Bronze
15704.0,1,Platinum
15705.0,0,Bronze
15706.0,2,Silver
15708.0,1,Platinum
15709.0,0,Bronze
15712.0,1,Platinum
15713.0,2,Silver
15716.0,1,Platinum
15717.0,0,Bronze
15719.0,1,Platinum
15722.0,1,Platinum
15723.0,0,Bronze
15724.0,0,Bronze
15727.0,1,Platinum
15729.0,0,Bronze
15730.0,2,Silver
15732.0,2,Silver
15733.0,0,Bronze
15734.0,2,Silver
15737.0,1,Platinum
15738.0,1,Platinum
15743.0,2,Silver
15745.0,0,Bronze
15746.0,2,Silver
15747.0,2,Silver
15749.0,1,Platinum
15750.0,1,Platinum
15752.0,1,Platinum
15753.0,0,Bronze
15754.0,0,Bronze
15755.0,1,Platinum
15756.0,2,Silver
15757.0,0,Bronze
15759.0,0,Bronze
15764.0,1,Platinum
15768.0,1,Platinum
15769.0,1,Platinum
15775.0,0,Bronze
15776.0,2,Silver
15777.0,1,Platinum
15780.0,1,Platinum
15781.0,2,Silver
15785.0,1,Platinum
15786.0,2,Silver
15789.0,0,Bronze
15791.0,2,Silver
15793.0,0,Bronze
15795.0,2,Silver
15796.0,1,Platinum
15797.0,1,Platinum
15799.0,2,Silver
15800.0,2,Silver
15801.0,0,Bronze
15802.0,0,Bronze
15804.0,1,Platinum
15805.0,1,Platinum
15806.0,2,Silver
15808.0,1,Platinum
15809.0,0,Bronze
15810.0,1,Platinum
15811.0,1,Platinum
15812.0,1,Platinum
15813.0,2,Silver
15815.0,1,Platinum
15819.0,1,Platinum
15820.0,0,Bronze
15822.0,0,Bronze
15823.0,0,Bronze
15825.0,2,Silver
15826.0,2,Silver
15827.0,1,Platinum
15829.0,2,Silver
15831.0,2,Silver
15832.0,2,Silver
15834.0,1,Platinum
15835.0,1,Platinum
15838.0,1,Platinum
15839.0,2,Silver
15840.0,0,Bronze
15841.0,2,Silver
15843.0,0,Bronze
15845.0,1,Platinum
15847.0,0,Bronze
15850.0,0,Bronze
15852.0,0,Bronze
15854.0,1,Platinum
15855.0,1,Platinum
15856.0,1,Platinum
15858.0,2,Silver
15860.0,1,Platinum
15861.0,1,Platinum
15862.0,1,Platinum
15863.0,0,Bronze
15864.0,1,Platinum
15865.0,0,Bronze
15866.0,2,Silver
15867.0,1,Platinum
15869.0,0,Bronze
15874.0,1,Platinum
15880.0,2,Silver
15881.0,0,Bronze
15882.0,1,Platinum
15885.0,1,Platinum
15889.0,2,Silver
15891.0,2,Silver
15894.0,2,Silver
15895.0,0,Bronze
15897.0,0,Bronze
15898.0,1,Platinum
15899.0,0,Bronze
15901.0,0,Bronze
15903.0,2,Silver
15906.0,1,Platinum
15907.0,2,Silver
15909.0,0,Bronze
15910.0,1,Platinum
15912.0,0,Bronze
15916.0,1,Platinum
15917.0,0,Bronze
15918.0,2,Silver
15919.0,0,Bronze
15920.0,0,Bronze
15921.0,2,Silver
15922.0,0,Bronze
15923.0,0,Bronze
15925.0,0,Bronze
15932.0,1,Platinum
15935.0,0,Bronze
15938.0,1,Platinum
15939.0,1,Platinum
15940.0,0,Bronze
15942.0,2,Silver
15944.0,0,Bronze
15945.0,0,Bronze
15950.0,2,Silver
15951.0,0,Bronze
15952.0,2,Silver
15953.0,1,Platinum
15955.0,1,Platinum
15965.0,0,Bronze
15967.0,0,Bronze
15969.0,0,Bronze
15970.0,0,Bronze
15971.0,1,Platinum
15973.0,0,Bronze
15974.0,1,Platinum
15976.0,2,Silver
15980.0,2,Silver
15981.0,1,Platinum
15983.0,0,Bronze
15984.0,1,Platinum
15985.0,2,Silver
15987.0,1,Platinum
15990.0,2,Silver
15996.0,1,Platinum
15998.0,1,Platinum
16003.0,1,Platinum
16005.0,2,Silver
16006.0,0,Bronze
16007.0,2,Silver
16008.0,0,Bronze
16009.0,2,Silver
16010.0,0,Bronze
16011.0,1,Platinum
16012.0,2,Silver
16013.0,1,Platinum
16014.0,2,Silver
16016.0,1,Platinum
16018.0,0,Bronze
16019.0,1,Platinum
16022.0,2,Silver
16023.0,2,Silver
16027.0,1,Platinum
16029.0,1,Platinum
16030.0,0,Bronze
16031.0,2,Silver
16033.0,1,Platinum
16034.0,0,Bronze
16036.0,0,Bronze
16037.0,2,Silver
16038.0,0,Bronze
16040.0,2,Silver
16041.0,2,Silver
16042.0,2,Silver
16043.0,1,Platinum
16045.0,1,Platinum
16048.0,0,Bronze
16050.0,0,Bronze
16053.0,2,Silver
16054.0,2,Silver
16055.0,0,Bronze
16057.0,1,Platinum
16059.0,1,Platinum
16062.0,1,Platinum
16063.0,0,Bronze
16065.0,2,Silver
16066.0,0,Bronze
16072.0,2,Silver
16073.0,0,Bronze
16076.0,1,Platinum
16078.0,0,Bronze
16080.0,0,Bronze
16081.0,1,Platinum
16083.0,2,Silver
16084.0,2,Silver
16085.0,2,Silver
16086.0,1,Platinum
16091.0,0,Bronze
16092.0,1,Platinum
16093.0,0,Bronze
16094.0,0,Bronze
16096.0,0,Bronze
16097.0,0,Bronze
16098.0,1,Platinum
16099.0,2,Silver
16102.0,2,Silver
16103.0,1,Platinum
16105.0,0,Bronze
16107.0,1,Platinum
16109.0,2,Silver
16110.0,2,Silver
16112.0,0,Bronze
16113.0,0,Bronze
16114.0,0,Bronze
16115.0,1,Platinum
16116.0,2,Silver
16117.0,2,Silver
16121.0,2,Silver
16122.0,1,Platinum
16124.0,0,Bronze
16125.0,0,Bronze
16126.0,1,Platinum
16128.0,2,Silver
16131.0,1,Platinum
16133.0,1,Platinum
16134.0,0,Bronze
16135.0,2,Silver
16136.0,0,Bronze
16139.0,2,Silver
16140.0,0,Bronze
16142.0,2,Silver
16143.0,1,Platinum
16144.0,0,Bronze
16145.0,1,Platinum
16146.0,1,Platinum
16147.0,2,Silver
16148.0,0,Bronze
16149.0,0,Bronze
16150.0,1,Platinum
16152.0,2,Silver
16153.0,1,Platinum
16156.0,1,Platinum
16159.0,0,Bronze
16161.0,1,Platinum
16162.0,0,Bronze
16163.0,2,Silver
16168.0,1,Platinum
16170.0,1,Platinum
16172.0,1,Platinum
16173.0,2,Silver
16174.0,1,Platinum
16175.0,1,Platinum
16178.0,0,Bronze
16180.0,1,Platinum
16182.0,1,Platinum
16184.0,1,Platinum
16185.0,2,Silver
16186.0,1,Platinum
16187.0,1,Platinum
16188.0,1,Platinum
16191.0,1,Platinum
16193.0,0,Bronze
16200.0,2,Silver
16201.0,2,Silver
16202.0,0,Bronze
16203.0,1,Platinum
16205.0,0,Bronze
16206.0,1,Platinum
16208.0,2,Silver
16209.0,1,Platinum
16210.0,1,Platinum
16212.0,2,Silver
16214.0,1,Platinum
16216.0,2,Silver
16217.0,0,Bronze
16218.0,1,Platinum
16221.0,0,Bronze
16222.0,2,Silver
16224.0,1,Platinum
16225.0,1,Platinum
16226.0,0,Bronze
16227.0,0,Bronze
16229.0,0,Bronze
16230.0,2,Silver
16232.0,1,Platinum
16233.0,0,Bronze
16235.0,1,Platinum
16239.0,2,Silver
16241.0,1,Platinum
16242.0,1,Platinum
16244.0,2,Silver
16245.0,2,Silver
16247.0,0,Bronze
16249.0,1,Platinum
16250.0,2,Silver
16253.0,2,Silver
16255.0,1,Platinum
16256.0,2,Silver
16257.0,0,Bronze
16258.0,1,Platinum
16261.0,2,Silver
16265.0,1,Platinum
16266.0,1,Platinum
16270.0,2,Silver
16271.0,1,Platinum
16272.0,2,Silver
16274.0,2,Silver
16275.0,2,Silver
16276.0,2,Silver
16278.0,2,Silver
16279.0,2,Silver
16282.0,0,Bronze
16283.0,1,Platinum
16287.0,0,Bronze
16292.0,2,Silver
16293.0,1,Platinum
16297.0,0,Bronze
16298.0,0,Bronze
16302.0,0,Bronze
16303.0,2,Silver
16305.0,2,Silver
16306.0,1,Platinum
16308.0,1,Platinum
16309.0,2,Silver
16315.0,0,Bronze
16316.0,1,Platinum
16317.0,1,Platinum
16319.0,0,Bronze
16320.0,2,Silver
16321.0,0,Bronze
16323.0,0,Bronze
16324.0,1,Platinum
16325.0,2,Silver
16326.0,1,Platinum
16327.0,1,Platinum
16330.0,0,Bronze
16332.0,1,Platinum
16333.0,1,Platinum
16338.0,0,Bronze
16339.0,0,Bronze
16340.0,2,Silver
16341.0,2,Silver
16342.0,0,Bronze
16344.0,0,Bronze
16348.0,1,Platinum
16349.0,0,Bronze
16350.0,0,Bronze
16351.0,0,Bronze
16353.0,1,Platinum
16356.0,0,Bronze
16357.0,0,Bronze
16358.0,2,Silver
16359.0,1,Platinum
16362.0,1,Platinum
16364.0,2,Silver
16365.0,1,Platinum
16367.0,0,Bronze
16369.0,2,Silver
16370.0,1,Platinum
16374.0,0,Bronze
16377.0,0,Bronze
16378.0,0,Bronze
16383.0,2,Silver
16384.0,2,Silver
16385.0,2,Silver
16386.0,0,Bronze
16387.0,0,Bronze
16389.0,2,Silver
16392.0,0,Bronze
16393.0,1,Platinum
16394.0,2,Silver
16395.0,1,Platinum
16398.0,2,Silver
16399.0,0,Bronze
16400.0,2,Silver
16401.0,1,Platinum
16402.0,2,Silver
16403.0,0,Bronze
16405.0,0,Bronze
16407.0,1,Platinum
16409.0,1,Platinum
16411.0,0,Bronze
16414.0,0,Bronze
16418.0,2,Silver
16419.0,1,Platinum
16422.0,1,Platinum
16424.0,0,Bronze
16425.0,0,Bronze
16426.0,1,Platinum
16427.0,0,Bronze
16429.0,0,Bronze
16431.0,1,Platinum
16434.0,1,Platinum
16440.0,2,Silver
16441.0,0,Bronze
16442.0,2,Silver
16444.0,1,Platinum
16446.0,0,Bronze
16447.0,2,Silver
16448.0,0,Bronze
16449.0,2,Silver
16450.0,2,Silver
16455.0,1,Platinum
16456.0,1,Platinum
16457.0,0,Bronze
16458.0,1,Platinum
16461.0,0,Bronze
16462.0,0,Bronze
16463.0,2,Silver
16464.0,2,Silver
16466.0,1,Platinum
16469.0,0,Bronze
16470.0,1,Platinum
16471.0,0,Bronze
16473.0,1,Platinum
16474.0,2,Silver
16475.0,1,Platinum
16477.0,1,Platinum
16483.0,0,Bronze
16484.0,0,Bronze
16488.0,2,Silver
16493.0,1,Platinum
16494.0,2,Silver
16495.0,0,Bronze
16496.0,2,Silver
16497.0,1,Platinum
16498.0,0,Bronze
16499.0,0,Bronze
16500.0,0,Bronze
16503.0,1,Platinum
16509.0,0,Bronze
16510.0,0,Bronze
16511.0,2,Silver
16515.0,1,Platinum
16517.0,0,Bronze
16518.0,0,Bronze
16519.0,0,Bronze
16520.0,1,Platinum
16523.0,1,Platinum
16525.0,1,Platinum
16526.0,2,Silver
16529.0,2,Silver
16531.0,1,Platinum
16532.0,2,Silver
16536.0,2,Silver
16539.0,1,Platinum
16545.0,0,Bronze
16546.0,2,Silver
16549.0,2,Silver
16550.0,1,Platinum
16551.0,2,Silver
16552.0,2,Silver
16553.0,1,Platinum
16554.0,2,Silver
16555.0,0,Bronze
16556.0,1,Platinum
16557.0,0,Bronze
16558.0,1,Platinum
16560.0,0,Bronze
16565.0,0,Bronze
16566.0,1,Platinum
16567.0,2,Silver
16570.0,1,Platinum
16571.0,2,Silver
16572.0,1,Platinum
16573.0,0,Bronze
16581.0,0,Bronze
16582.0,0,Bronze
16583.0,0,Bronze
16584.0,2,Silver
16586.0,0,Bronze
16587.0,0,Bronze
16589.0,0,Bronze
16592.0,1,Platinum
16593.0,2,Silver
16596.0,0,Bronze
16598.0,0,Bronze
16600.0,0,Bronze
16603.0,2,Silver
16607.0,1,Platinum
16609.0,1,Platinum
16610.0,0,Bronze
16611.0,0,Bronze
16612.0,1,Platinum
16614.0,2,Silver
16616.0,0,Bronze
16617.0,0,Bronze
16618.0,1,Platinum
16619.0,0,Bronze
16620.0,0,Bronze
16621.0,1,Platinum
16623.0,0,Bronze
16624.0,2,Silver
16625.0,0,Bronze
16626.0,1,Platinum
16628.0,1,Platinum
16629.0,2,Silver
16633.0,1,Platinum
16634.0,0,Bronze
16637.0,2,Silver
16638.0,1,Platinum
16639.0,0,Bronze
16641.0,0,Bronze
16642.0,0,Bronze
16643.0,2,Silver
16644.0,2,Silver
16647.0,0,Bronze
16652.0,1,Platinum
16654.0,1,Platinum
16655.0,1,Platinum
16656.0,1,Platinum
16657.0,2,Silver
16658.0,0,Bronze
16659.0,0,Bronze
16660.0,0,Bronze
16665.0,0,Bronze
16667.0,0,Bronze
16668.0,0,Bronze
16670.0,1,Platinum
16671.0,2,Silver
16672.0,1,Platinum
16674.0,0,Bronze
16676.0,1,Platinum
16678.0,1,Platinum
16679.0,0,Bronze
16681.0,1,Platinum
16682.0,1,Platinum
16684.0,1,Platinum
16686.0,1,Platinum
16690.0,0,Bronze
16692.0,0,Bronze
16693.0,0,Bronze
16696.0,1,Platinum
16697.0,0,Bronze
16698.0,2,Silver
16700.0,1,Platinum
16701.0,1,Platinum
16705.0,1,Platinum
16706.0,2,Silver
16709.0,1,Platinum
16710.0,1,Platinum
16711.0,1,Platinum
16712.0,1,Platinum
16713.0,1,Platinum
16714.0,1,Platinum
16716.0,0,Bronze
16717.0,1,Platinum
16718.0,2,Silver
16719.0,1,Platinum
16721.0,2,Silver
16722.0,1,Platinum
16723.0,2,Silver
16725.0,0,Bronze
16726.0,1,Platinum
16727.0,0,Bronze
16728.0,1,Platinum
16729.0,1,Platinum
16730.0,2,Silver
16734.0,0,Bronze
16735.0,1,Platinum
16738.0,0,Bronze
16739.0,2,Silver
16743.0,1,Platinum
16744.0,1,Platinum
16745.0,1,Platinum
16746.0,1,Platinum
16748.0,1,Platinum
16750.0,1,Platinum
16752.0,0,Bronze
16754.0,2,Silver
16755.0,1,Platinum
16756.0,0,Bronze
16757.0,0,Bronze
16761.0,2,Silver
16762.0,2,Silver
16763.0,2,Silver
16764.0,1,Platinum
16765.0,0,Bronze
16766.0,2,Silver
16767.0,1,Platinum
16768.0,2,Silver
16769.0,2,Silver
16770.0,1,Platinum
16771.0,1,Platinum
16774.0,1,Platinum
16775.0,1,Platinum
16777.0,0,Bronze
16778.0,0,Bronze
16779.0,1,Platinum
16780.0,2,Silver
16781.0,0,Bronze
16782.0,1,Platinum
16788.0,2,Silver
16791.0,1,Platinum
16792.0,0,Bronze
16794.0,1,Platinum
16795.0,2,Silver
16801.0,1,Platinum
16804.0,0,Bronze
16805.0,2,Silver
16806.0,1,Platinum
16807.0,1,Platinum
16808.0,2,Silver
16809.0,1,Platinum
16810.0,0,Bronze
16812.0,0,Bronze
16813.0,1,Platinum
16814.0,1,Platinum
16816.0,1,Platinum
16817.0,1,Platinum
16818.0,1,Platinum
16820.0,2,Silver
16823.0,2,Silver
16824.0,0,Bronze
16825.0,0,Bronze
16828.0,0,Bronze
16829.0,0,Bronze
16832.0,0,Bronze
16833.0,1,Platinum
16834.0,2,Silver
16835.0,2,Silver
16836.0,0,Bronze
16837.0,1,Platinum
16838.0,2,Silver
16839.0,1,Platinum
16841.0,1,Platinum
16842.0,1,Platinum
16843.0,1,Platinum
16849.0,0,Bronze
16850.0,0,Bronze
16852.0,0,Bronze
16858.0,0,Bronze
16859.0,2,Silver
16861.0,0,Bronze
16863.0,0,Bronze
16866.0,0,Bronze
16869.0,2,Silver
16871.0,1,Platinum
16872.0,2,Silver
16873.0,1,Platinum
16875.0,1,Platinum
16877.0,0,Bronze
16880.0,1,Platinum
16882.0,0,Bronze
16883.0,2,Silver
16885.0,0,Bronze
16889.0,1,Platinum
16891.0,1,Platinum
16892.0,0,Bronze
16893.0,0,Bronze
16897.0,0,Bronze
16898.0,2,Silver
16899.0,2,Silver
16902.0,2,Silver
16904.0,1,Platinum
16905.0,1,Platinum
16906.0,0,Bronze
16907.0,1,Platinum
16910.0,2,Silver
16912.0,1,Platinum
16913.0,0,Bronze
16915.0,1,Platinum
16916.0,0,Bronze
16917.0,0,Bronze
16918.0,1,Platinum
16919.0,1,Platinum
16923.0,1,Platinum
16926.0,0,Bronze
16927.0,1,Platinum
16928.0,1,Platinum
16929.0,2,Silver
16931.0,1,Platinum
16933.0,0,Bronze
16938.0,1,Platinum
16940.0,2,Silver
16942.0,1,Platinum
16943.0,1,Platinum
16945.0,1,Platinum
16947.0,2,Silver
16948.0,1,Platinum
16949.0,1,Platinum
16950.0,2,Silver
16951.0,1,Platinum
16952.0,0,Bronze
16954.0,1,Platinum
16955.0,1,Platinum
16957.0,0,Bronze
16960.0,0,Bronze
16961.0,2,Silver
16963.0,0,Bronze
16965.0,0,Bronze
16966.0,1,Platinum
16967.0,2,Silver
16968.0,2,Silver
16969.0,2,Silver
16976.0,0,Bronze
16979.0,2,Silver
16980.0,2,Silver
16983.0,1,Platinum
16984.0,2,Silver
16985.0,1,Platinum
16987.0,1,Platinum
16989.0,2,Silver
16990.0,0,Bronze
16992.0,1,Platinum
16996.0,1,Platinum
16997.0,0,Bronze
16998.0,0,Bronze
17001.0,1,Platinum
17002.0,2,Silver
17004.0,2,Silver
17007.0,1,Platinum
17015.0,2,Silver
17017.0,1,Platinum
17018.0,0,Bronze
17019.0,2,Silver
17024.0,0,Bronze
17025.0,0,Bronze
17026.0,0,Bronze
17027.0,1,Platinum
17029.0,2,Silver
17031.0,0,Bronze
17033.0,2,Silver
17034.0,0,Bronze
17035.0,2,Silver
17040.0,2,Silver
17041.0,2,Silver
17042.0,1,Platinum
17043.0,2,Silver
17045.0,1,Platinum
17046.0,2,Silver
17047.0,2,Silver
17048.0,1,Platinum
17049.0,1,Platinum
17050.0,1,Platinum
17051.0,2,Silver
17053.0,2,Silver
17054.0,1,Platinum
17058.0,2,Silver
17059.0,1,Platinum
17060.0,0,Bronze
17061.0,1,Platinum
17062.0,0,Bronze
17063.0,1,Platinum
17064.0,2,Silver
17068.0,1,Platinum
17069.0,1,Platinum
17070.0,2,Silver
17071.0,1,Platinum
17073.0,2,Silver
17075.0,1,Platinum
17076.0,0,Bronze
17080.0,0,Bronze
17082.0,2,Silver
17083.0,1,Platinum
17085.0,1,Platinum
17088.0,2,Silver
17090.0,1,Platinum
17091.0,1,Platinum
17092.0,2,Silver
17094.0,0,Bronze
17095.0,0,Bronze
17096.0,2,Silver
17097.0,1,Platinum
17101.0,0,Bronze
17102.0,0,Bronze
17105.0,2,Silver
17107.0,1,Platinum
17109.0,2,Silver
17110.0,0,Bronze
17114.0,1,Platinum
17115.0,2,Silver
17117.0,0,Bronze
17118.0,0,Bronze
17120.0,0,Bronze
17122.0,0,Bronze
17123.0,0,Bronze
17124.0,2,Silver
17126.0,1,Platinum
17128.0,0,Bronze
17133.0,1,Platinum
17134.0,2,Silver
17135.0,2,Silver
17138.0,2,Silver
17139.0,1,Platinum
17140.0,2,Silver
17142.0,2,Silver
17146.0,1,Platinum
17147.0,2,Silver
17152.0,1,Platinum
17155.0,0,Bronze
17157.0,0,Bronze
17158.0,2,Silver
17159.0,2,Silver
17160.0,1,Platinum
17162.0,1,Platinum
17164.0,1,Platinum
17165.0,0,Bronze
17166.0,0,Bronze
17169.0,2,Silver
17171.0,0,Bronze
17173.0,2,Silver
17174.0,0,Bronze
17175.0,1,Platinum
17176.0,0,Bronze
17179.0,2,Silver
17180.0,1,Platinum
17181.0,0,Bronze
17183.0,2,Silver
17187.0,0,Bronze
17188.0,1,Platinum
17189.0,2,Silver
17190.0,0,Bronze
17191.0,1,Platinum
17193.0,0,Bronze
17194.0,0,Bronze
17198.0,0,Bronze
17204.0,1,Platinum
17211.0,1,Platinum
17212.0,0,Bronze
17213.0,1,Platinum
17214.0,0,Bronze
17217.0,0,Bronze
17218.0,1,Platinum
17220.0,1,Platinum
17223.0,0,Bronze
17226.0,0,Bronze
17227.0,1,Platinum
17228.0,1,Platinum
17229.0,2,Silver
17230.0,1,Platinum
17231.0,1,Platinum
17234.0,0,Bronze
17235.0,0,Bronze
17236.0,1,Platinum
17238.0,1,Platinum
17239.0,0,Bronze
17242.0,2,Silver
17243.0,1,Platinum
17245.0,0,Bronze
17248.0,2,Silver
17250.0,0,Bronze
17251.0,0,Bronze
17252.0,2,Silver
17255.0,0,Bronze
17256.0,2,Silver
17259.0,2,Silver
17262.0,1,Platinum
17263.0,0,Bronze
17265.0,2,Silver
17266.0,0,Bronze
17267.0,0,Bronze
17268.0,1,Platinum
17272.0,2,Silver
17277.0,2,Silver
17278.0,0,Bronze
17282.0,1,Platinum
17284.0,1,Platinum
17287.0,1,Platinum
17288.0,1,Platinum
17289.0,0,Bronze
17291.0,0,Bronze
17293.0,1,Platinum
17298.0,2,Silver
17299.0,2,Silver
17302.0,1,Platinum
17303.0,0,Bronze
17306.0,1,Platinum
17309.0,0,Bronze
17311.0,2,Silver
17312.0,1,Platinum
17314.0,1,Platinum
17315.0,1,Platinum
17320.0,1,Platinum
17323.0,1,Platinum
17324.0,0,Bronze
17325.0,0,Bronze
17329.0,0,Bronze
17331.0,0,Bronze
17334.0,0,Bronze
17337.0,1,Platinum
17338.0,1,Platinum
17339.0,2,Silver
17340.0,1,Platinum
17341.0,1,Platinum
17343.0,0,Bronze
17345.0,1,Platinum
17346.0,1,Platinum
17348.0,0,Bronze
17349.0,0,Bronze
17351.0,2,Silver
17353.0,2,Silver
17356.0,0,Bronze
17358.0,0,Bronze
17360.0,2,Silver
17361.0,2,Silver
17362.0,0,Bronze
17364.0,1,Platinum
17365.0,1,Platinum
17367.0,0,Bronze
17368.0,1,Platinum
17370.0,2,Silver
17371.0,0,Bronze
17372.0,1,Platinum
17373.0,2,Silver
17374.0,2,Silver
17375.0,2,Silver
17376.0,0,Bronze
17377.0,1,Platinum
17381.0,1,Platinum
17384.0,0,Bronze
17386.0,1,Platinum
17388.0,1,Platinum
17389.0,1,Platinum
17391.0,0,Bronze
17392.0,2,Silver
17394.0,0,Bronze
17396.0,1,Platinum
17398.0,1,Platinum
17400.0,1,Platinum
17402.0,1,Platinum
17404.0,1,Platinum
17405.0,2,Silver
17406.0,1,Platinum
17408.0,0,Bronze
17409.0,2,Silver
17410.0,2,Silver
17411.0,0,Bronze
17412.0,1,Platinum
17414.0,2,Silver
17416.0,1,Platinum
17418.0,0,Bronze
17419.0,1,Platinum
17420.0,2,Silver
17422.0,1,Platinum
17423.0,2,Silver
17426.0,1,Platinum
17428.0,1,Platinum
17429.0,1,Platinum
17430.0,0,Bronze
17431.0,2,Silver
17436.0,0,Bronze
17438.0,0,Bronze
17440.0,0,Bronze
17442.0,1,Platinum
17443.0,0,Bronze
17444.0,1,Platinum
17446.0,0,Bronze
17449.0,1,Platinum
17450.0,1,Platinum
17451.0,2,Silver
17454.0,1,Platinum
17455.0,0,Bronze
17456.0,0,Bronze
17457.0,1,Platinum
17460.0,1,Platinum
17462.0,0,Bronze
17463.0,1,Platinum
17464.0,0,Bronze
17469.0,1,Platinum
17470.0,1,Platinum
17472.0,2,Silver
17481.0,2,Silver
17483.0,0,Bronze
17486.0,2,Silver
17489.0,0,Bronze
17490.0,2,Silver
17491.0,1,Platinum
17492.0,0,Bronze
17496.0,0,Bronze
17499.0,2,Silver
17501.0,0,Bronze
17504.0,1,Platinum
17505.0,2,Silver
17507.0,2,Silver
17508.0,0,Bronze
17511.0,1,Platinum
17512.0,1,Platinum
17514.0,2,Silver
17515.0,1,Platinum
17516.0,1,Platinum
17517.0,0,Bronze
17519.0,1,Platinum
17521.0,0,Bronze
17522.0,1,Platinum
17524.0,0,Bronze
17525.0,0,Bronze
17526.0,1,Platinum
17527.0,2,Silver
17530.0,1,Platinum
17531.0,0,Bronze
17535.0,0,Bronze
17536.0,0,Bronze
17537.0,2,Silver
17540.0,0,Bronze
17542.0,0,Bronze
17548.0,0,Bronze
17550.0,0,Bronze
17551.0,0,Bronze
17552.0,0,Bronze
17553.0,2,Silver
17554.0,2,Silver
17555.0,0,Bronze
17556.0,0,Bronze
17560.0,1,Platinum
17562.0,1,Platinum
17567.0,1,Platinum
17569.0,0,Bronze
17571.0,1,Platinum
17572.0,1,Platinum
17573.0,0,Bronze
17574.0,0,Bronze
17576.0,1,Platinum
17578.0,0,Bronze
17579.0,0,Bronze
17580.0,0,Bronze
17581.0,1,Platinum
17582.0,0,Bronze
17584.0,2,Silver
17585.0,1,Platinum
17588.0,1,Platinum
17589.0,2,Silver
17591.0,1,Platinum
17593.0,1,Platinum
17594.0,0,Bronze
17596.0,1,Platinum
17597.0,2,Silver
17601.0,0,Bronze
17602.0,2,Silver
17604.0,2,Silver
17609.0,2,Silver
17611.0,1,Platinum
17612.0,1,Platinum
17613.0,1,Platinum
17615.0,1,Platinum
17616.0,1,Platinum
17618.0,2,Silver
17619.0,0,Bronze
17621.0,2,Silver
17624.0,2,Silver
17625.0,2,Silver
17629.0,1,Platinum
17630.0,2,Silver
17631.0,2,Silver
17633.0,2,Silver
17634.0,1,Platinum
17637.0,2,Silver
17639.0,0,Bronze
17642.0,2,Silver
17643.0,0,Bronze
17644.0,1,Platinum
17646.0,1,Platinum
17648.0,1,Platinum
17649.0,2,Silver
17651.0,1,Platinum
17652.0,1,Platinum
17653.0,0,Bronze
17654.0,0,Bronze
17655.0,1,Platinum
17656.0,1,Platinum
17658.0,0,Bronze
17659.0,1,Platinum
17660.0,2,Silver
17663.0,1,Platinum
17664.0,2,Silver
17667.0,1,Platinum
17669.0,1,Platinum
17670.0,0,Bronze
17671.0,1,Platinum
17672.0,2,Silver
17673.0,1,Platinum
17674.0,0,Bronze
17675.0,1,Platinum
17676.0,1,Platinum
17677.0,1,Platinum
17678.0,0,Bronze
17682.0,1,Platinum
17685.0,1,Platinum
17686.0,1,Platinum
17690.0,1,Platinum
17691.0,0,Bronze
17692.0,1,Platinum
17693.0,0,Bronze
17694.0,2,Silver
17695.0,2,Silver
17696.0,1,Platinum
17697.0,0,Bronze
17698.0,0,Bronze
17700.0,1,Platinum
17701.0,2,Silver
17702.0,1,Platinum
17703.0,2,Silver
17704.0,2,Silver
17705.0,1,Platinum
17706.0,1,Platinum
17707.0,0,Bronze
17708.0,2,Silver
17709.0,0,Bronze
17711.0,0,Bronze
17714.0,0,Bronze
17715.0,0,Bronze
17716.0,1,Platinum
17718.0,0,Bronze
17719.0,1,Platinum
17720.0,1,Platinum
17722.0,1,Platinum
17723.0,1,Platinum
17724.0,2,Silver
17725.0,1,Platinum
17730.0,1,Platinum
17731.0,1,Platinum
17732.0,0,Bronze
17733.0,0,Bronze
17734.0,2,Silver
17735.0,1,Platinum
17736.0,2,Silver
17738.0,1,Platinum
17739.0,1,Platinum
17742.0,2,Silver
17744.0,1,Platinum
17746.0,0,Bronze
17747.0,0,Bronze
17749.0,2,Silver
17750.0,1,Platinum
17752.0,0,Bronze
17754.0,2,Silver
17757.0,1,Platinum
17758.0,1,Platinum
17759.0,0,Bronze
17760.0,0,Bronze
17763.0,0,Bronze
17764.0,0,Bronze
17765.0,2,Silver
17768.0,2,Silver
17769.0,1,Platinum
17770.0,1,Platinum
17771.0,0,Bronze
17774.0,1,Platinum
17775.0,0,Bronze
17777.0,2,Silver
17779.0,2,Silver
17781.0,0,Bronze
17783.0,0,Bronze
17786.0,0,Bronze
17787.0,1,Platinum
17788.0,0,Bronze
17789.0,0,Bronze
17790.0,1,Platinum
17795.0,2,Silver
17796.0,0,Bronze
17797.0,2,Silver
17799.0,1,Platinum
17800.0,1,Platinum
17802.0,2,Silver
17809.0,1,Platinum
17811.0,1,Platinum
17812.0,0,Bronze
17816.0,0,Bronze
17817.0,0,Bronze
17819.0,1,Platinum
17827.0,1,Platinum
17828.0,1,Platinum
17829.0,2,Silver
17830.0,0,Bronze
17837.0,0,Bronze
17838.0,1,Platinum
17841.0,1,Platinum
17843.0,0,Bronze
17844.0,0,Bronze
17848.0,1,Platinum
17849.0,0,Bronze
17850.0,3,Gold
17854.0,0,Bronze
17855.0,0,Bronze
17856.0,1,Platinum
17857.0,1,Platinum
17858.0,1,Platinum
17859.0,0,Bronze
17860.0,0,Bronze
17861.0,1,Platinum
17862.0,0,Bronze
17863.0,1,Platinum
17864.0,0,Bronze
17865.0,1,Platinum
17866.0,2,Silver
17867.0,1,Platinum
17869.0,1,Platinum
17870.0,1,Platinum
17871.0,0,Bronze
17873.0,1,Platinum
17874.0,1,Platinum
17877.0,0,Bronze
17879.0,0,Bronze
17880.0,0,Bronze
17881.0,0,Bronze
17883.0,0,Bronze
17884.0,0,Bronze
17886.0,2,Silver
17887.0,0,Bronze
17888.0,0,Bronze
17889.0,0,Bronze
17890.0,2,Silver
17891.0,2,Silver
17892.0,0,Bronze
17893.0,0,Bronze
17894.0,1,Platinum
17897.0,1,Platinum
17898.0,0,Bronze
17899.0,0,Bronze
17900.0,0,Bronze
17905.0,1,Platinum
17906.0,0,Bronze
17908.0,0,Bronze
17912.0,0,Bronze
17913.0,0,Bronze
17917.0,2,Silver
17920.0,1,Platinum
17921.0,1,Platinum
17923.0,0,Bronze
17924.0,0,Bronze
17925.0,0,Bronze
17926.0,2,Silver
17928.0,0,Bronze
17929.0,1,Platinum
17930.0,2,Silver
17931.0,2,Silver
17932.0,2,Silver
17935.0,0,Bronze
17937.0,1,Platinum
17939.0,0,Bronze
17940.0,1,Platinum
17941.0,0,Bronze
17946.0,0,Bronze
17948.0,0,Bronze
17949.0,1,Platinum
17950.0,0,Bronze
17951.0,0,Bronze
17954.0,1,Platinum
17955.0,0,Bronze
17956.0,0,Bronze
17958.0,2,Silver
17960.0,0,Bronze
17961.0,1,Platinum
17962.0,0,Bronze
17964.0,0,Bronze
17965.0,1,Platinum
17966.0,1,Platinum
17967.0,0,Bronze
17968.0,0,Bronze
17969.0,2,Silver
17970.0,2,Silver
17972.0,0,Bronze
17974.0,0,Bronze
17975.0,1,Platinum
17976.0,0,Bronze
17978.0,0,Bronze
17979.0,1,Platinum
17980.0,1,Platinum
17984.0,2,Silver
17987.0,0,Bronze
17988.0,0,Bronze
17990.0,1,Platinum
17991.0,0,Bronze
17994.0,1,Platinum
17995.0,0,Bronze
17997.0,1,Platinum
17999.0,0,Bronze
18004.0,0,Bronze
18008.0,1,Platinum
18009.0,0,Bronze
18010.0,0,Bronze
18011.0,0,Bronze
18013.0,0,Bronze
18016.0,2,Silver
18017.0,0,Bronze
18018.0,0,Bronze
18024.0,0,Bronze
18027.0,0,Bronze
18032.0,0,Bronze
18036.0,2,Silver
18037.0,0,Bronze
18040.0,0,Bronze
18041.0,1,Platinum
18043.0,2,Silver
18044.0,1,Platinum
18048.0,0,Bronze
18050.0,0,Bronze
18055.0,1,Platinum
18056.0,0,Bronze
18061.0,1,Platinum
18062.0,1,Platinum
18064.0,2,Silver
18065.0,1,Platinum
18068.0,0,Bronze
18069.0,2,Silver
18071.0,2,Silver
18072.0,0,Bronze
18073.0,1,Platinum
18074.0,0,Bronze
18075.0,1,Platinum
18077.0,1,Platinum
18078.0,0,Bronze
18079.0,2,Silver
18080.0,0,Bronze
18081.0,0,Bronze
18085.0,0,Bronze
18086.0,0,Bronze
18087.0,2,Silver
18092.0,1,Platinum
18093.0,1,Platinum
18094.0,1,Platinum
18095.0,0,Bronze
18097.0,1,Platinum
18099.0,0,Bronze
18101.0,0,Bronze
18102.0,1,Platinum
18106.0,2,Silver
18108.0,0,Bronze
18109.0,1,Platinum
18112.0,0,Bronze
18113.0,0,Bronze
18114.0,0,Bronze
18116.0,1,Platinum
18118.0,1,Platinum
18119.0,0,Bronze
18120.0,0,Bronze
18121.0,2,Silver
18122.0,0,Bronze
18125.0,1,Platinum
18127.0,0,Bronze
18129.0,0,Bronze
18133.0,0,Bronze
18135.0,0,Bronze
18136.0,2,Silver
18138.0,0,Bronze
18142.0,2,Silver
18143.0,2,Silver
18144.0,1,Platinum
18145.0,2,Silver
18146.0,0,Bronze
18147.0,0,Bronze
18149.0,0,Bronze
18150.0,2,Silver
18151.0,2,Silver
18155.0,2,Silver
18156.0,0,Bronze
18159.0,2,Silver
18160.0,2,Silver
18161.0,1,Platinum
18165.0,0,Bronze
18167.0,2,Silver
18168.0,1,Platinum
18170.0,2,Silver
18171.0,1,Platinum
18172.0,1,Platinum
18173.0,1,Platinum
18176.0,0,Bronze
18177.0,1,Platinum
18178.0,1,Platinum
18179.0,1,Platinum
18180.0,2,Silver
18183.0,2,Silver
18185.0,0,Bronze
18188.0,0,Bronze
18189.0,2,Silver
18190.0,2,Silver
18191.0,0,Bronze
18193.0,0,Bronze
18196.0,2,Silver
18198.0,1,Platinum
18200.0,2,Silver
18202.0,1,Platinum
18203.0,0,Bronze
18204.0,2,Silver
18210.0,0,Bronze
18211.0,2,Silver
18212.0,0,Bronze
18213.0,0,Bronze
18218.0,2,Silver
18219.0,1,Platinum
18220.0,0,Bronze
18221.0,1,Platinum
18222.0,2,Silver
18223.0,1,Platinum
18224.0,0,Bronze
18225.0,1,Platinum
18226.0,1,Platinum
18227.0,0,Bronze
18229.0,1,Platinum
18230.0,1,Platinum
18231.0,1,Platinum
18232.0,1,Platinum
18233.0,0,Bronze
18235.0,2,Silver
18236.0,1,Platinum
18237.0,1,Platinum
18239.0,1,Platinum
18241.0,1,Platinum
18242.0,2,Silver
18245.0,1,Platinum
18246.0,0,Bronze
18248.0,2,Silver
18250.0,0,Bronze
18252.0,0,Bronze
18257.0,1,Platinum
18259.0,0,Bronze
18260.0,1,Platinum
18261.0,2,Silver
18262.0,0,Bronze
18263.0,2,Silver
18265.0,2,Silver
18268.0,0,Bronze
18269.0,0,Bronze
18270.0,0,Bronze
18272.0,1,Platinum
18273.0,0,Bronze
18280.0,0,Bronze
18281.0,0,Bronze
18282.0,0,Bronze
18283.0,1,Platinum
18287.0,2,Silver
